workload,run_num,cores_per_run,core_offset,warmup_instrs,roi_instrs,simtime
arizona,0,1,0,50000000,500000000,7444
arizona,1,1,1,50000000,500000000,7629
arizona,2,1,2,50000000,500000000,6660
arizona,3,1,3,50000000,500000000,8156
arizona,4,1,4,50000000,500000000,6119
arizona,5,1,5,50000000,500000000,7758
bravo.a,0,1,0,50000000,500000000,18234
bravo.a,1,1,1,50000000,500000000,21383
bravo.a,2,1,2,50000000,500000000,16354
charlie,0,1,0,50000000,500000000,9074
charlie,1,1,1,50000000,500000000,11853
charlie,2,1,2,50000000,500000000,12586
charlie,3,1,3,50000000,500000000,10373
charlie,4,1,4,50000000,500000000,12244
charlie,5,1,5,50000000,500000000,9441
charlie,6,1,6,50000000,500000000,14523
charlie,7,1,7,50000000,500000000,10934
charlie,8,1,8,50000000,500000000,12092
charlie,9,1,9,50000000,500000000,12633
charlie,10,1,10,50000000,500000000,12555
charlie,11,1,11,50000000,500000000,11518
charlie,12,1,12,50000000,500000000,12852
charlie,13,1,13,50000000,500000000,11832
charlie,14,1,14,50000000,500000000,10541
charlie,15,1,15,50000000,500000000,15662
charlie,16,1,16,50000000,500000000,13295
charlie,17,1,17,50000000,500000000,11236
charlie,18,1,18,50000000,500000000,11789
charlie,19,1,19,50000000,500000000,12055
charlie,20,1,20,50000000,500000000,12797
charlie,21,1,21,50000000,500000000,13240
delta,0,1,0,50000000,500000000,14959
delta,1,1,1,50000000,500000000,15298
delta,2,1,2,50000000,500000000,14845
delta,3,1,3,50000000,500000000,14007
merced,0,1,0,50000000,500000000,11650
merced,1,1,1,50000000,500000000,12711
merced,2,1,2,50000000,500000000,12117
merced,3,1,3,50000000,500000000,12562
merced,4,1,4,50000000,500000000,11665
merced,5,1,5,50000000,500000000,11969
merced,6,1,6,50000000,500000000,11579
merced,7,1,7,50000000,500000000,11755
merced,8,1,8,50000000,500000000,12499
merced,9,1,9,50000000,500000000,12167
merced,10,1,10,50000000,500000000,12044
merced,11,1,11,50000000,500000000,12776
merced,12,1,12,50000000,500000000,11917
merced,13,1,13,50000000,500000000,11760
merced,14,1,14,50000000,500000000,11388
merced,15,1,15,50000000,500000000,12971
merced,16,1,16,50000000,500000000,11915
merced,17,1,17,50000000,500000000,11451
merced,18,1,18,50000000,500000000,13666
merced,19,1,19,50000000,500000000,12789
merced,20,1,20,50000000,500000000,15771
merced,21,1,21,50000000,500000000,12688
merced,22,1,22,50000000,500000000,11509
merced,23,1,23,50000000,500000000,11705
merced,24,1,24,50000000,500000000,11967
merced,25,1,25,50000000,500000000,11368
merced,26,1,26,50000000,500000000,11221
merced,27,1,27,50000000,500000000,11248
merced,28,1,28,50000000,500000000,11790
merced,29,1,29,50000000,500000000,11810
merced,30,1,30,50000000,500000000,12289
merced,31,1,31,50000000,500000000,12080
merced,32,1,32,50000000,500000000,11703
merced,33,1,33,50000000,500000000,11636
merced,34,1,34,50000000,500000000,12047
merced,35,1,35,50000000,500000000,11514
merced,36,1,36,50000000,500000000,11780
merced,37,1,37,50000000,500000000,11991
merced,38,1,38,50000000,500000000,11705
merced,39,1,39,50000000,500000000,12745
merced,40,1,40,50000000,500000000,11401
merced,41,1,41,50000000,500000000,11708
merced,42,1,42,50000000,500000000,11651
merced,43,1,43,50000000,500000000,12138
merced,44,1,44,50000000,500000000,11265
merced,45,1,45,50000000,500000000,12358
merced,46,1,46,50000000,500000000,12262
merced,47,1,47,50000000,500000000,11883
merced,48,1,48,50000000,500000000,11660
merced,49,1,49,50000000,500000000,12039
merced,50,1,50,50000000,500000000,11862
merced,51,1,51,50000000,500000000,11864
merced,52,1,52,50000000,500000000,15119
merced,53,1,53,50000000,500000000,11143
merced,54,1,54,50000000,500000000,12203
merced,55,1,55,50000000,500000000,11944
merced,56,1,56,50000000,500000000,11658
merced,57,1,57,50000000,500000000,11204
merced,58,1,58,50000000,500000000,12364
merced,59,1,59,50000000,500000000,12923
merced,60,1,60,50000000,500000000,11580
merced,61,1,61,50000000,500000000,12780
merced,62,1,62,50000000,500000000,11871
merced,63,1,63,50000000,500000000,11622
merced,64,1,64,50000000,500000000,12050
merced,65,1,65,50000000,500000000,11852
merced,66,1,66,50000000,500000000,11526
merced,67,1,67,50000000,500000000,11854
merced,68,1,68,50000000,500000000,11764
merced,69,1,69,50000000,500000000,11618
merced,70,1,70,50000000,500000000,12616
merced,71,1,71,50000000,500000000,13859
merced,72,1,72,50000000,500000000,11730
merced,73,1,73,50000000,500000000,11511
merced,74,1,74,50000000,500000000,11928
merced,75,1,75,50000000,500000000,12084
merced,76,1,76,50000000,500000000,12365
merced,77,1,77,50000000,500000000,12169
merced,78,1,78,50000000,500000000,12254
merced,79,1,79,50000000,500000000,11498
merced,80,1,80,50000000,500000000,12659
merced,81,1,81,50000000,500000000,11692
merced,82,1,82,50000000,500000000,11865
merced,83,1,83,50000000,500000000,12688
merced,84,1,84,50000000,500000000,11900
merced,85,1,85,50000000,500000000,11790
merced,86,1,86,50000000,500000000,11758
merced,87,1,87,50000000,500000000,12503
merced,88,1,88,50000000,500000000,11901
sierra.a.3,0,1,0,50000000,500000000,14638
sierra.a.3,1,1,1,50000000,500000000,13362
sierra.a.3,2,1,2,50000000,500000000,14031
sierra.a.3,3,1,3,50000000,500000000,14244
sierra.a.3,4,1,4,50000000,500000000,14112
sierra.a.3,5,1,5,50000000,500000000,13214
sierra.a.3,6,1,6,50000000,500000000,13549
sierra.a.3,7,1,7,50000000,500000000,13897
sierra.a.3,8,1,8,50000000,500000000,14704
sierra.a.3,9,1,9,50000000,500000000,12848
sierra.a.3,10,1,10,50000000,500000000,13539
sierra.a.3,11,1,11,50000000,500000000,13321
sierra.a.3,12,1,12,50000000,500000000,16305
sierra.a.3,13,1,13,50000000,500000000,13006
sierra.a.3,14,1,14,50000000,500000000,12882
sierra.a.3,15,1,15,50000000,500000000,13663
sierra.a.3,16,1,16,50000000,500000000,13453
sierra.a.4,0,1,0,50000000,500000000,16632
sierra.a.4,1,1,1,50000000,500000000,17858
sierra.a.4,2,1,2,50000000,500000000,17494
sierra.a.4,3,1,3,50000000,500000000,16843
sierra.a.4,4,1,4,50000000,500000000,17027
sierra.a.4,5,1,5,50000000,500000000,17647
sierra.a.4,6,1,6,50000000,500000000,17769
sierra.a.4,7,1,7,50000000,500000000,17281
sierra.a.4,8,1,8,50000000,500000000,17864
sierra.a.4,9,1,9,50000000,500000000,15408
sierra.a.4,10,1,10,50000000,500000000,18573
sierra.a.4,11,1,11,50000000,500000000,18106
sierra.a.4,12,1,12,50000000,500000000,17875
sierra.a.4,13,1,13,50000000,500000000,20614
sierra.a.4,14,1,14,50000000,500000000,17845
sierra.a.4,15,1,15,50000000,500000000,17736
sierra.a.4,16,1,16,50000000,500000000,18538
sierra.a.4,17,1,17,50000000,500000000,18371
sierra.a.4,18,1,18,50000000,500000000,16572
sierra.a.4,19,1,19,50000000,500000000,16553
sierra.a.4,20,1,20,50000000,500000000,18138
sierra.a.4,21,1,21,50000000,500000000,17554
sierra.a.4,22,1,22,50000000,500000000,17595
sierra.a.4,23,1,23,50000000,500000000,17910
sierra.a.6,0,1,0,50000000,500000000,14426
sierra.a.6,1,1,1,50000000,500000000,15272
sierra.a.6,2,1,2,50000000,500000000,14314
sierra.a.6,3,1,3,50000000,500000000,14839
sierra.a.6,4,1,4,50000000,500000000,14649
sierra.a.6,5,1,5,50000000,500000000,14989
sierra.a.6,6,1,6,50000000,500000000,14400
sierra.a.6,7,1,7,50000000,500000000,14547
sierra.a.6,8,1,8,50000000,500000000,15049
sierra.a.6,9,1,9,50000000,500000000,14943
sierra.a.6,10,1,10,50000000,500000000,14520
sierra.a.6,11,1,11,50000000,500000000,15862
sierra.a.6,12,1,12,50000000,500000000,14549
sierra.a.6,13,1,13,50000000,500000000,15523
sierra.a.6,14,1,14,50000000,500000000,14986
sierra.a.6,15,1,15,50000000,500000000,14371
sierra.a.6,16,1,16,50000000,500000000,14072
sierra.a.6,17,1,17,50000000,500000000,14815
tahoe,0,1,0,50000000,500000000,12329
tahoe,1,1,1,50000000,500000000,13418
tahoe,2,1,2,50000000,500000000,12509
tahoe,3,1,3,50000000,500000000,13396
tahoe,4,1,4,50000000,500000000,12512
tahoe,5,1,5,50000000,500000000,12221
tahoe,6,1,6,50000000,500000000,13244
tahoe,7,1,7,50000000,500000000,12981
tahoe,8,1,8,50000000,500000000,12156
tahoe,9,1,9,50000000,500000000,11934
tahoe,10,1,10,50000000,500000000,13960
tahoe,11,1,11,50000000,500000000,8532
tahoe,12,1,12,50000000,500000000,12657
tahoe,13,1,13,50000000,500000000,13135
tahoe,14,1,14,50000000,500000000,12373
tahoe,15,1,15,50000000,500000000,12905
tahoe,16,1,16,50000000,500000000,12926
tahoe,17,1,17,50000000,500000000,13681
tahoe,18,1,18,50000000,500000000,13046
tahoe,19,1,19,50000000,500000000,10559
tahoe,20,1,20,50000000,500000000,13214
tahoe,21,1,21,50000000,500000000,13485
tahoe,22,1,22,50000000,500000000,14544
tahoe,23,1,23,50000000,500000000,12615
tahoe,24,1,24,50000000,500000000,14176
tahoe,25,1,25,50000000,500000000,12803
tahoe,26,1,26,50000000,500000000,13654
tahoe,27,1,27,50000000,500000000,11493
tahoe,28,1,28,50000000,500000000,12016
tahoe,29,1,29,50000000,500000000,13966
tahoe,30,1,30,50000000,500000000,11580
tahoe,31,1,31,50000000,500000000,12234
tahoe,32,1,32,50000000,500000000,13498
tahoe,33,1,33,50000000,500000000,13738
tahoe,34,1,34,50000000,500000000,16785
tahoe,35,1,35,50000000,500000000,12927
tahoe,36,1,36,50000000,500000000,14389
tahoe,37,1,37,50000000,500000000,12834
tahoe,38,1,38,50000000,500000000,12900
tahoe,39,1,39,50000000,500000000,11899
tango,0,1,0,50000000,500000000,12217
tango,1,1,1,50000000,500000000,12449
tango,2,1,2,50000000,500000000,12001
tango,3,1,3,50000000,500000000,12581
tango,4,1,4,50000000,500000000,12094
tango,5,1,5,50000000,500000000,12344
tango,6,1,6,50000000,500000000,14308
tango,7,1,7,50000000,500000000,12597
tango,8,1,8,50000000,500000000,18563
tango,9,1,9,50000000,500000000,13457
tango,10,1,10,50000000,500000000,12257
tango,11,1,11,50000000,500000000,12358
tango,12,1,12,50000000,500000000,12363
tango,13,1,13,50000000,500000000,16662
tango,14,1,14,50000000,500000000,12431
tango,15,1,15,50000000,500000000,12544
tango,16,1,16,50000000,500000000,11872
tango,17,1,17,50000000,500000000,11922
tango,18,1,18,50000000,500000000,12042
tango,19,1,19,50000000,500000000,11886
tango,20,1,20,50000000,500000000,12564
tango,21,1,21,50000000,500000000,13025
tango,22,1,22,50000000,500000000,12774
tango,23,1,23,50000000,500000000,12189
tango,24,1,24,50000000,500000000,12779
tango,25,1,25,50000000,500000000,14191
tango,26,1,26,50000000,500000000,11462
tango,27,1,27,50000000,500000000,12311
tango,28,1,28,50000000,500000000,11965
tango,29,1,29,50000000,500000000,12936
tango,30,1,30,50000000,500000000,11880
tango,31,1,31,50000000,500000000,12092
tango,32,1,32,50000000,500000000,12339
tango,33,1,33,50000000,500000000,11128
tango,34,1,34,50000000,500000000,12778
tango,35,1,35,50000000,500000000,12604
tango,36,1,36,50000000,500000000,12942
tango,37,1,37,50000000,500000000,12179
tango,38,1,38,50000000,500000000,12062
tango,39,1,39,50000000,500000000,11645
tango,40,1,40,50000000,500000000,12766
tango,41,1,41,50000000,500000000,13164
tango,42,1,42,50000000,500000000,12106
tango,43,1,43,50000000,500000000,12411
tango,44,1,44,50000000,500000000,11917
tango,45,1,45,50000000,500000000,11364
tango,46,1,46,50000000,500000000,10818
tango,47,1,47,50000000,500000000,12178
tango,48,1,48,50000000,500000000,11401
tango,49,1,49,50000000,500000000,13194
tango,50,1,50,50000000,500000000,12241
whiskey,0,1,0,50000000,500000000,11818
whiskey,1,1,1,50000000,500000000,15032
yankee,0,1,0,50000000,500000000,12302
yankee,1,1,1,50000000,500000000,12452
yankee,2,1,2,50000000,500000000,11403
yankee,3,1,3,50000000,500000000,11421
yankee,4,1,4,50000000,500000000,11568
yankee,5,1,5,50000000,500000000,12190
yankee,6,1,6,50000000,500000000,12210
yankee,7,1,7,50000000,500000000,12641
yankee,8,1,8,50000000,500000000,12101
yankee,9,1,9,50000000,500000000,10788
yankee,10,1,10,50000000,500000000,11339
yankee,11,1,11,50000000,500000000,11844
yankee,12,1,12,50000000,500000000,12422
yankee,13,1,13,50000000,500000000,12026
yankee,14,1,14,50000000,500000000,12177
yankee,15,1,15,50000000,500000000,12198
yankee,16,1,16,50000000,500000000,12066
yankee,17,1,17,50000000,500000000,11527
yankee,18,1,18,50000000,500000000,12198
yankee,19,1,19,50000000,500000000,11218
yankee,20,1,20,50000000,500000000,12249
yankee,21,1,21,50000000,500000000,10890
yankee,22,1,22,50000000,500000000,12236
yankee,23,1,23,50000000,500000000,12261
yankee,24,1,24,50000000,500000000,12365
yankee,25,1,25,50000000,500000000,11983
yankee,26,1,26,50000000,500000000,12330
yankee,27,1,27,50000000,500000000,12100
yankee,28,1,28,50000000,500000000,12242
yankee,29,1,29,50000000,500000000,12053
yankee,30,1,30,50000000,500000000,12169
yankee,31,1,31,50000000,500000000,12505
yankee,32,1,32,50000000,500000000,11251
yankee,33,1,33,50000000,500000000,10612
yankee,34,1,34,50000000,500000000,11461
yankee,35,1,35,50000000,500000000,8011
yankee,36,1,36,50000000,500000000,10858
yankee,37,1,37,50000000,500000000,11318
yankee,38,1,38,50000000,500000000,11246
yankee,39,1,39,50000000,500000000,11106
yankee,40,1,40,50000000,500000000,10070
yankee,41,1,41,50000000,500000000,11318
yankee,42,1,42,50000000,500000000,12012
yankee,43,1,43,50000000,500000000,12436
yankee,44,1,44,50000000,500000000,12593
yankee,45,1,45,50000000,500000000,12668
yankee,46,1,46,50000000,500000000,11527
yankee,47,1,47,50000000,500000000,12071
yankee,48,1,48,50000000,500000000,11478
yankee,49,1,49,50000000,500000000,12612
yankee,50,1,50,50000000,500000000,12067
yankee,51,1,51,50000000,500000000,12284
yankee,52,1,52,50000000,500000000,11590
yankee,53,1,53,50000000,500000000,12080
yankee,54,1,54,50000000,500000000,11925
yankee,55,1,55,50000000,500000000,12059
yankee,56,1,56,50000000,500000000,11334
yankee,57,1,57,50000000,500000000,11990
yankee,58,1,58,50000000,500000000,12219
yankee,59,1,59,50000000,500000000,11249
yankee,60,1,60,50000000,500000000,11827
yankee,61,1,61,50000000,500000000,12052
yankee,62,1,62,50000000,500000000,11404
yankee,63,1,63,50000000,500000000,12300
yankee,64,1,64,50000000,500000000,11429
yankee,65,1,65,50000000,500000000,11830
yankee,66,1,66,50000000,500000000,11967
yankee,67,1,67,50000000,500000000,11949
yankee,68,1,68,50000000,500000000,12103
yankee,69,1,69,50000000,500000000,12092
yankee,70,1,70,50000000,500000000,11542
yankee,71,1,71,50000000,500000000,12315
yankee,72,1,72,50000000,500000000,12315
yankee,73,1,73,50000000,500000000,12358
yankee,74,1,74,50000000,500000000,11499
yankee,75,1,75,50000000,500000000,11966
yankee,76,1,76,50000000,500000000,11967
yankee,77,1,77,50000000,500000000,12350
yankee,78,1,78,50000000,500000000,11881
yankee,79,1,79,50000000,500000000,12052
yankee,80,1,80,50000000,500000000,11937
yankee,81,1,81,50000000,500000000,12172
yankee,82,1,82,50000000,500000000,11267
